step,time_s,phase,wall_step_ms,outer_euler_residual_norm,inner_euler_residual_norm,euler_residual_norm_max,contact_current_error,contact_current_iterations,theta_beta_rad,theta_beta_deg,theta_tip_rad,theta_tip_deg,inner_interp_frame_0,inner_interp_frame_1,inner_interp_alpha,inner_to_outer_tip_distance_m,outer_tip_x_m,outer_tip_y_m,outer_tip_z_m,inner_pseudo_tip_x_m,inner_pseudo_tip_y_m,inner_pseudo_tip_z_m
1,0.005,waiting,45.402895999359316,1.5845045647825524e-07,0.00024660457501644823,0.00024660457501644823,0.0,0.0,0.0,0.0,0.0,0.0,299,300,1.0,5.845082634198277e-05,0.1696887318898691,0.003728465585895549,0.0,0.16963037228722633,0.003725201251439979,0.0
2,0.01,waiting,19.979095000962843,1.509052215234345e-07,0.04059022619271848,0.04059022619271848,0.0,0.0,0.0,0.0,0.0,0.0,299,300,1.0,0.00017906702431496788,0.16968873188982447,0.003728465586188323,0.0,0.16950983987710228,0.0037205506015883277,0.0
3,0.015,waiting,263.61710899982427,1.4371949172135377e-07,0.13560990475715057,0.13560990475715057,3.075487193980709e-06,501.0,0.0,0.0,0.0,0.0,299,300,0.6702098835786422,0.002096300282982816,0.16968960068844344,0.0036885655488991032,0.0,0.1689735930349535,0.005658795971102977,0.0
4,0.02,waiting,105.64460100067663,0.00011774401530355313,0.2838754708915247,0.2838754708915247,3.271893097223618e-05,501.0,0.0,0.0,0.0,0.0,299,300,0.9841355121412891,0.0009507321364356157,0.1696781512054605,0.003945695067764816,0.0,0.16935157158190753,0.004838576551911186,0.0
5,0.025,waiting,202.31952900030592,0.010255732218969795,0.27061140503964415,0.27061140503964415,9.423741763091469e-06,501.0,0.0,0.0,0.0,0.0,299,300,0.9952843118876068,0.000950202688301352,0.16967534235248224,0.00400131735703323,0.0,0.16933901818041774,0.004890008079467219,0.0
6,0.030000000000000002,waiting,108.33947399987665,0.010336891856860394,0.26755462360673266,0.26755462360673266,1.573100035164319e-05,501.0,0.0,0.0,0.0,0.0,299,300,1.0,0.0009503192555628366,0.1696727751522395,0.004051301259622966,0.0,0.16931580327262297,0.0049320269630383625,0.0
7,0.035,waiting,146.0647820003942,0.010256996257634737,0.2632372392428809,0.2632372392428809,1.829486480143508e-05,501.0,0.0,0.0,0.0,0.0,299,300,1.0,0.0009521308589389469,0.16966998073521525,0.004104707540504806,0.0,0.16929315353622348,0.004979095574871607,0.0
8,0.04,waiting,142.1812869994028,0.010253894738982989,0.2573747603385443,0.2573747603385443,1.3650773080863938e-05,501.0,0.0,0.0,0.0,0.0,299,300,1.0,0.0009542155072150023,0.16966724460003507,0.004156528282434385,0.0,0.16927332710914642,0.005025640613828647,0.0
9,0.045,waiting,137.7758790004009,0.010223064051471798,0.25052761243995475,0.25052761243995475,1.2983817960956243e-05,501.0,0.0,0.0,0.0,0.0,299,300,1.0,0.0009562000845186804,0.16966459414823998,0.004206249403116472,0.0,0.16925556050386065,0.005070546851567695,0.0
10,0.049999999999999996,waiting,127.23116599954665,0.010157061727285463,0.2431107935405355,0.2431107935405355,2.2371725228730463e-05,501.0,0.0,0.0,0.0,0.0,299,300,1.0,0.0009581409024351054,0.1696620364477284,0.004253823018958756,0.0,0.16923920702281917,0.005113619079865112,0.0
11,0.05499999999999999,waiting,134.9089699997421,0.010060149189036605,0.23540997986013196,0.23540997986013196,1.5378173049883953e-05,501.0,0.0,0.0,0.0,0.0,299,300,1.0,0.0009600432505570488,0.16965957503414425,0.004299139032236554,0.0,0.16922418945915987,0.005154780571688484,0.0
12,0.05999999999999999,waiting,130.3668580003432,0.00993532282727449,0.22753750613411589,0.22753750613411589,2.191257757894648e-05,501.0,0.0,0.0,0.0,0.0,299,300,1.0,0.0009619140744323895,0.1696572145291781,0.004342215724054754,0.0,0.16921009295298955,0.005193896992310549,0.0
13,0.06499999999999999,waiting,127.40633599969442,0.009786257496297562,0.21964732453547609,0.21964732453547609,1.6262956899175577e-05,501.0,0.0,0.0,0.0,0.0,299,300,1.0,0.000963748761984135,0.1696549515325439,0.004383115016864549,0.0,0.16919702954196067,0.005231123935901518,0.0
14,0.06999999999999999,waiting,138.12824100023136,0.009617339863679979,0.21176122947128842,0.21176122947128842,1.4763568723372205e-05,501.0,0.0,0.0,0.0,0.0,299,300,1.0,0.0009655357735253322,0.16965278504849537,0.004421914193223144,0.0,0.16918479813111184,0.0052664540532149735,0.0
15,0.075,waiting,131.2703479998163,0.009434761472134586,0.20395806958239376,0.20395806958239376,2.2449203048366005e-05,501.0,0.0,0.0,0.0,0.0,299,300,1.0,0.0009672816009940556,0.16965071458985975,0.004458684828291122,0.0,0.16917328031193285,0.005299928078416816,0.0
16,0.08,waiting,132.4263719998271,0.009240972137200106,0.19627786824480725,0.19627786824480725,1.8921896040945462e-05,501.0,0.0,0.0,0.0,0.0,299,300,1.0,0.0009689886863909208,0.16964873656937135,0.004493509288586575,0.0,0.16916244531207364,0.005331638089803557,0.0
17,0.085,waiting,133.8885469995148,0.009040715600586889,0.18874778882581233,0.18874778882581233,2.063706355698456e-05,501.0,0.0,0.0,0.0,0.0,299,300,1.0,0.0009706383779320239,0.16964684521299633,0.004526550367029595,0.0,0.1691523125873891,0.005361760725516925,0.0
18,0.09000000000000001,waiting,136.73726100023487,0.008838096676954078,0.18137480231054037,0.18137480231054037,1.8358735011015738e-05,501.0,0.0,0.0,0.0,0.0,299,300,1.0,0.0009722092079263167,0.16964503980183743,0.004557841055522457,0.0,0.16914283047192094,0.005390293176020417,0.0
19,0.09500000000000001,waiting,139.3672289996175,0.008634085131073553,0.17417450583372351,0.17417450583372351,1.3863698112214248e-05,501.0,0.0,0.0,0.0,0.0,299,300,1.0,0.0009737284175766023,0.16964331787689857,0.0045874769021216994,0.0,0.16913389367856846,0.00541731665614169,0.0
20,0.10000000000000002,waiting,140.9110740005417,0.008431419944837548,0.16717315225009166,0.16717315225009166,1.4084145338769314e-05,501.0,0.0,0.0,0.0,0.0,299,300,1.0,0.0009751978700246586,0.16964167453818918,0.004615576777689667,0.0,0.16912543500138305,0.005442926538273922,0.0
21,0.10500000000000002,waiting,184.45503799921426,0.00823491006683021,0.1603777364795152,0.1603777364795152,1.4656116971474515e-05,501.0,0.0,0.0,0.0,0.0,299,300,1.0,0.0009766225037422035,0.1696401061675883,0.004642221907319365,0.0,0.16911742035040075,0.005467201332109274,0.0
22,0.11000000000000003,waiting,201.8154739998863,0.00804697269227206,0.15379396699315195,0.15379396699315195,2.1642744665989056e-05,501.0,0.0,0.0,0.0,0.0,299,300,1.0,0.0009780047847682558,0.1696386108934829,0.004667468342105701,0.0,0.1691097976416687,0.005490177223627771,0.0
23,0.11500000000000003,waiting,155.9910639989539,0.00786924717630238,0.14742411240507414,0.14742411240507414,2.1231999348265904e-05,501.0,0.0,0.0,0.0,0.0,299,300,1.0,0.000979349742398545,0.16963718472503372,0.00469143165108637,0.0,0.16910256418289726,0.0055119843878814,0.0
24,0.12000000000000004,waiting,157.92748800049594,0.0077013131442906025,0.14126946225023762,0.14126946225023762,2.117028237564521e-05,501.0,0.0,0.0,0.0,0.0,299,300,1.0,0.0009806508387660447,0.1696358261037963,0.004714113553672524,0.0,0.1690956962200709,0.005532609599038251,0.0
25,0.12500000000000003,waiting,149.73612599897024,0.007543191724262987,0.13532892666990437,0.13532892666990437,2.112587961211377e-05,501.0,0.0,0.0,0.0,0.0,299,300,1.0,0.0009819066677777038,0.1696345305695446,0.0047356536519167535,0.0,0.1690891929546316,0.005552199786551715,0.0
26,0.13000000000000003,waiting,165.2070370000729,0.007397224512704669,0.12960129921402241,0.12960129921402241,2.0990595058905688e-05,501.0,0.0,0.0,0.0,0.0,299,300,1.0,0.0009831170029216709,0.16963329579129877,0.00475608582466554,0.0,0.16908300408523785,0.0055707624965263824,0.0
27,0.13500000000000004,waiting,171.44661900056235,0.007264505033882614,0.12408388776505647,0.12408388776505647,1.5594201622152273e-05,501.0,0.0,0.0,0.0,0.0,299,300,1.0,0.0009842900580944035,0.1696321193747999,0.004775461987850938,0.0,0.16907711153672347,0.00558835387373565,0.0
28,0.14000000000000004,waiting,172.65386100007163,0.007146117555665253,0.11877384324196111,0.11877384324196111,1.457174191653888e-05,501.0,0.0,0.0,0.0,0.0,299,300,1.0,0.0009853454364500854,0.16963100071183082,0.004793797922872417,0.0,0.16907202214110242,0.005605246372621043,0.0
29,0.14500000000000005,waiting,178.60719400050584,0.007039678860668091,0.11361428852799868,0.11361428852799868,1.4038232003582771e-05,501.0,0.0,0.0,0.0,0.0,299,300,1.0,0.0009862005818777094,0.16962993455741793,0.004811174089989864,0.0,0.16906773633719765,0.005621436238233931,0.0
30,0.15000000000000005,waiting,189.1192780003621,0.006948057990273461,0.10861034680726603,0.10861034680726603,1.4054141134076392e-05,501.0,0.0,0.0,0.0,0.0,299,300,1.0,0.0009869054912797419,0.16962891841291192,0.004827670328941547,0.0,0.16906384746675657,0.0056367916267265,0.0
31,0.15500000000000005,waiting,200.13945000027888,0.0068725423651176225,0.10379595121418972,0.10379595121418972,1.9726092364490053e-05,501.0,0.0,0.0,0.0,0.0,299,300,1.0,0.0009875668627405516,0.1696279491747567,0.004843343389946679,0.0,0.16906013966425146,0.005651353704338149,0.0
32,0.16000000000000006,waiting,226.65562700058217,0.006811291251188647,0.09918321245584913,0.09918321245584913,1.3914201194199819e-05,501.0,0.0,0.0,0.0,0.0,299,300,1.0,0.000988191564224712,0.16962702373283153,0.004858244140111398,0.0,0.16905662271860122,0.005665192249081186,0.0
33,0.16500000000000006,waiting,240.3601419991901,0.006762027694984273,0.09476772718502825,0.09476772718502825,1.295425830914062e-05,501.0,0.0,0.0,0.0,0.0,299,300,1.0,0.0009888019069370193,0.16962614346893418,0.004872389716784764,0.0,0.16905324481685022,0.005678315486072897,0.0
34,0.17000000000000007,waiting,242.95428700133925,0.0067243180421962985,0.09054356425991461,0.09054356425991461,1.7509254307202898e-05,501.0,0.0,0.0,0.0,0.0,299,300,1.0,0.000989390187140375,0.16962530498912815,0.004885819571203243,0.0,0.16905002229905292,0.005690768494371337,0.0
35,0.17500000000000007,waiting,251.887844000521,0.006698046648696212,0.08650354892784737,0.08650354892784737,2.1267212809087933e-05,501.0,0.0,0.0,0.0,0.0,299,300,1.0,0.000989972010217687,0.1696245075230405,0.004898562867022633,0.0,0.16904691893907,0.005702575310136171,0.0
36,0.18000000000000008,waiting,288.59808199922554,0.006679443486781486,0.0826422091782068,0.0826422091782068,2.01205659822752e-05,501.0,0.0,0.0,0.0,0.0,299,300,1.0,0.0009905210591784278,0.1696237488820467,0.004910643836247399,0.0,0.1690440330471311,0.005713801055865104,0.0
37,0.18500000000000008,waiting,313.08721900131786,0.006668310446243085,0.07894756556381112,0.07894756556381112,1.9520292247968138e-05,501.0,0.0,0.0,0.0,0.0,299,300,1.0,0.0009910228103916226,0.16962302653117955,0.00492212984269601,0.0,0.16904136627697905,0.005724499806864606,0.0
38,0.19000000000000009,waiting,399.33028899940837,0.006664678535375445,0.07541345729381167,0.07541345729381167,1.90660165840903e-05,501.0,0.0,0.0,0.0,0.0,299,300,1.0,0.0009914873027240334,0.1696223389085824,0.004933039164965965,0.0,0.1690388370192454,0.00573464543777273,0.0
39,0.1950000000000001,waiting,408.87918599946715,0.006667589624264295,0.07203673022402912,0.07203673022402912,1.8706692493321373e-05,501.0,0.0,0.0,0.0,0.0,299,300,1.0,0.0009919324101189432,0.16962168462058663,0.004943394758722609,0.0,0.1690364322498571,0.0057442752546768,0.0
40,0.2000000000000001,waiting,389.66513400009717,0.006676843957700874,0.068811746293112,0.068811746293112,1.8518523228154337e-05,501.0,0.0,0.0,0.0,0.0,299,300,1.0,0.0009923610522365272,0.16962106225806065,0.00495322421035321,0.0,0.1690341395104685,0.005753413029542078,0.0
41,0.2050000000000001,waiting,398.8221780000458,0.006692101568190415,0.06573273747171757,0.06573273747171757,2.21079033685877e-05,501.0,0.0,0.0,0.0,0.0,299,300,1.0,0.000992772584309415,0.1696204700766699,0.004962551375506914,0.0,0.1690319572972964,0.00576208255855763,0.0
42,0.2100000000000001,waiting,408.61647999918205,0.006712376044570425,0.06279387845871749,0.06279387845871749,2.2010912148153187e-05,501.0,0.0,0.0,0.0,0.0,299,300,1.0,0.0009931642034277349,0.16961990664482868,0.004971408204352215,0.0,0.1690298867561793,0.005770314748303651,0.0
43,0.2150000000000001,waiting,389.2481319999206,0.0067373588228293955,0.059989333586457055,0.059989333586457055,2.1985677246495497e-05,501.0,0.0,0.0,0.0,0.0,299,300,1.0,0.0009935375605098118,0.1696193708963477,0.004979813866031831,0.0,0.16902791874460849,0.00577812535683403,0.0
44,0.2200000000000001,waiting,373.27870599983726,0.006766662764439932,0.05731371525871024,0.05731371525871024,2.2018932001979016e-05,501.0,0.0,0.0,0.0,0.0,299,300,1.0,0.0009938943118323353,0.16961886147033123,0.0049877910653678215,0.0,0.1690260478745058,0.005785536603554789,0.0
45,0.22500000000000012,waiting,396.7076650005765,0.0067998664765508195,0.05476179467564908,0.05476179467564908,2.2098605701886573e-05,501.0,0.0,0.0,0.0,0.0,299,300,1.0,0.000994235063948355,0.16961837707059765,0.004995362135940274,0.0,0.1690242692530523,0.005792569300682221,0.0
46,0.23000000000000012,waiting,407.7122420003434,0.006836518144037272,0.05232850930638348,0.05232850930638348,2.2213910820168777e-05,501.0,0.0,0.0,0.0,0.0,299,300,1.0,0.0009945604746118392,0.16961791646659902,0.00500254830379689,0.0,0.16902257824437836,0.005799243313711771,0.0
